[
	{
		"title": "The Shawshank Redemption",
		"year": "1994",
		"director": "Frank Darabont",
		"synopsis": "Two imprisoned men bond over a number of years, finding solace and eventual redemption through acts of common decency."
	},
	{
		"title": "The Godfather",
		"year": "1972",
		"director": "Francis Ford Coppola",
		"synopsis": "The aging patriarch of an organized crime dynasty transfers control of his clandestine empire to his reluctant son."
	},
	{
		"title": "The Dark Knight",
		"year": "2008",
		"director": "Christopher Nolan",
		"synopsis": "When the menace known as the Joker wreaks havoc and chaos on the people of Gotham, Batman must accept one of the greatest psychological and physical tests of his ability to fight injustice."
	}
]
